{
    "training_loss": 2.170588254928589,
    "_timestamp": 1571814089.095576,
    "_runtime": 1040.5964050292969,
    "_step": 68
}
