{
    "_runtime": 122.06504416465759,
    "_timestamp": 1571819073.3426938,
    "training_loss": 7.632725238800049,
    "_step": 3
}
